gene_name,amino_acid,optimal_codon,usage_rate
Xkr4,A,GCA,0.5481
Xkr4,E,GAA,0.5664
Xkr4,S,TCA,0.2381
Xkr4,W,TGG,1.0000
Xkr4,P,CCA,0.5714
Xkr4,L,CTG,0.4453
Xkr4,Q,CAG,0.5763
Xkr4,M,ATG,1.0000
Xkr4,K,AAG,0.8961
Xkr4,D,GAC,0.5909
Xkr4,G,GGG,0.3012
Xkr4,R,AGG,0.3759
Xkr4,V,GTG,0.4917
Xkr4,T,ACA,0.5323
Xkr4,*,TGA,0.8182
Xkr4,H,CAC,0.5833
Xkr4,F,TTT,0.5730
Xkr4,N,AAT,0.5538
Xkr4,C,TGT,0.5946
Xkr4,I,ATC,0.4444
Xkr4,Y,TAT,0.6842
Rp1,W,TGG,1.0000
Rp1,S,AGT,0.4236
Rp1,H,CAC,0.9913
Rp1,P,CCC,0.4878
Rp1,K,AAA,1.0000
Rp1,*,TGA,1.0000
Rp1,V,GTC,0.9516
Rp1,T,ACC,0.7662
Rp1,L,CTC,0.9732
Rp1,G,GGT,1.0000
Rp1,Q,CAA,1.0000
Rp1,N,AAT,1.0000
Rp1,E,GAG,1.0000
Rp1,F,TTC,1.0000
Rp1,M,ATG,1.0000
Rp1,D,GAC,1.0000
Rp1,Y,TAC,1.0000
Rp1,A,GCC,1.0000
